{
    "loss": 9.687912940979004,
    "accuracy": 0.5467625856399536
}