{
    "loss": 2.381429672241211,
    "accuracy": 0.6402877569198608
}