{
    "loss": 0.08888385444879532,
    "accuracy": 0.9568345546722412
}